test_loss,train_loss,epoch
325.87835693359375,321.45281982421875,0
324.793701171875,337.40826416015625,1
266.81829833984375,400.9849853515625,2
